Topic,Count,Name,Representation,Representative_Docs
-1,2992,-1_de_la_et_les,"['de', 'la', 'et', 'les', 'une', 'le', 'des', 'je', 'plus', 'pas']","[""le gros intérêt de la version précédente était les favoris avec un affichage par arrêt, il était possible en un coup d'oeil de savoir quand était le prochain bus et même le suivant. dans cette nouvelle version ils sont tout simplement inutilisables car rangé en vrac, trop d'information par ligne de bus,... on a bien une carte à l'ouverture de l'appli mais impossible d'avoir les informations sur les bus. j'espère une nouvelle mise à jour car pour l'instant cette appli à perdu tout intérêt."", ""trop de pub ! je suis un grand adepte de lbc depuis des années, m'y connecte plusieurs fois par jour et achète également via votre service. mais aujourd'hui c'est trop. les pubs au démarrage qu'on ne peut pas quitter avant la fin, en plus les frais obligatoires, franchement élevé, à chaque achat, les pubs dans les annonces, les pubs sur la page d'accueil, le prix des sponso des annonces.... vous dégradez bcp trop l'expérience. si seulement l'application était fluide et sans bug, même pas !"", ""avant j'utilisais l''application les yeux fermés. cette nouvelle application est maintenant plus belle mais on ne s'y retrouve plus. je l'utilisais pour regarder rapidement l'arrivée de mon bus, maintenant les horaires favoris sont classé par ligne et non plus par arret ce qui est domage. on pouvait aussi avoir accès en cliquant sur la ligne favorite aux horaires, ce qui n'est plus le cas. elle plante souvent et on ne peux utiliser le bouton retour sur android. je prefere l'ancienne version""]"
0,808,0_annonces_de_leboncoin_le,"['annonces', 'de', 'leboncoin', 'le', 'un', 'vous', 'pour', 'en', 'service', 'que']","['ne pas acheter via le moyen de paiement proposer par le site.(avec assurance) deux mois en attente de mon colis, aucun solution de la part du site. juste une enquêtes via le transporteur mais leboncoin assume rien!!! une honte. je conseil a tout le monde de payer directement sans passer par le site car aucun réel service client!!!!', ""service client inexistant incapable de régler un simple problème je déconseille leboncoin car le jour où vous allez avoir un problème vous allez perdre votre argent service client c'est des robots il ne répond pas à vos questions vous n'avez pas une vraie personne réelle pour régler vos problèmes. ça sert à rien de me demander le numéro de demande je l'ai fait vous m avez renvoyé un message automatique fait par des robots un conseil ne pas faire affaire avec leboncoin . n° 39626096"", ""service client inexistant !! toutes les demandes sont automatiquement terminé par un ia, en 2 mn la demande est classé sans suite !! vous pouvez envoyer n'importe quelle demande au service client il ne vous répondront pas !!je conseille d'éviter cette application. il n'y a que des problèmes !!!!et ne soyez pas navré vous en avez absolument rien à faire lbc 😡😡 ça vous amuse . avez-vous mis place un nouveau système de service client ? bien sûr que non, leur priorité c'est l'argent 👺👺""]"
1,470,1_application_facile_trs_simple,"['application', 'facile', 'trs', 'simple', 'bonne', 'pratique', 'utiliser', 'dutilisation', 'cette', 'utile']","['application utile et facile à utiliser', 'très bonne appli avec 0 bug. une application simple et pratique', 'très bonne application, facile à utiliser']"
2,456,2_bus_horaires_les_pas,"['bus', 'horaires', 'les', 'pas', 'sont', 'ne', 'en', 'mtro', 'des', 'le']","[""les horaires de bus donnés par l'application ne correspondent pas aux horaires réels indiqués aux arrêts de bus..."", ""sur l'ancienne version, en cliquant sur un arrêt de bus on voyait directement les horaires de l'ensemble des bus. sur la nouvelle version, il faut cliquer sur l'arrêt, choisir le bus, choisir le sens, pour enfin accéder aux horaires bus par bus... c'est d'un pénible 😭 surtout quand c'est pour un arrêt de bus ponctuel et qu'on veut juste voir le premier bus qui arrive ! à quand une maj pour rétablir cette fonctionnalité ?"", 'les horaires à l arrêt du bus ne sont pas les mêmes que sur l application et cela est dommage.']"
3,402,3_films_film_cinma_voir,"['films', 'film', 'cinma', 'voir', 'de', 'la', 'plus', 'je', 'des', 'les']","[""j'utilise cette application depuis maintenant plusieurs années. elle est vraiment complète et permet de garder en mémoire les films et séries vues. la possibilité de voir sur quelle plateforme un film est présent est une très bonne idée. le seul bémol : depuis la dernière mise à jour il faut accepter les conditions générales et impossible de cliquer sur j'accepte, même après avoir désinstallé et réinstallé l'application... de ce fait, je ne peux plus avoir accès à mon compte et mes films/séries."", ""vraiment bien, pas mal de bug sur l'avancée des séries. et ce serait bien si on pouvait modifier les notes que l'on met aux films, par exemple, un film que j'ai note 5 étoiles mais que après quelques jours je pense que c'est finalement 4,5 étoiles, et bien le film apparaîtra toujours dans mes films préférés donc que j'ai note 5 étoiles."", 'super appli pour ce repérer des séries et films, mais depuis quelques temps je ne peux plus voir les films que j\'ai mis dans la listes ""mes films à voir""']"
4,344,4_itinraire_itinraires_trajet_pas,"['itinraire', 'itinraires', 'trajet', 'pas', 'ne', 'un', 'les', 'de', 'la', 'pour']","['était pour moi un véritable outil mais ce soir elle ne fonctionne pas. elle me trouve aucun trajet je suis déçue. et lorsque je vais sur le site tcl avec mon portable pour chercher un trajet et que je clic sur ""plus tard"" ça me met systématiquement plus tôt... bref je suis carrément déçue et je ne comprends pas ce qu\'il s\'est passé.', 'une application sans aucune logique qui rend le service itinéraire désagréable : un trajet simple d\'un point a à un point b tous 2 desservis par la ligne t1 par exemple, avec pour critère ""- de correspondance"" nous calcule un itinéraire qui comprend au moins une correspondance sans prendre le t1, autant dire que les critères ne sont pas respectés, ce qui est insupportable quand on ne veux pas passer son temps à changer de transport et en même temps avoir une estimation de la durée du trajet...', ""je me vois obligée de ne mettre qu'une étoile car alors que j'avais particulièrement besoin d'un trajet dans un coin que je connais peu, l'appli a décidé de ne plus trouver aucune correspondance. aucune. d'autre part quand elle se décide à comprendre le trajet que je demande elle me propose des trajets compliqués et inutiles. accessoirement la ligne de bus en bas de chez moi n'est jamais prise en compte dans mon trajet proposé, on me conseille plutôt de faire 30 minutes de marche. améliorations à prévoir.""]"
5,341,5_films_cinma_film_les,"['films', 'cinma', 'film', 'les', 'pour', 'voir', 'trs', 'application', 'sries', 'et']","['ma référence pour les films et les séries', 'bonne appli pour se faire une idée des films avant de les voir', 'très bonne application sur les cinémas, les films et les séries.']"
6,337,6_bien_trs_super_bonne,"['bien', 'trs', 'super', 'bonne', 'appli', 'indispensable', 'incontournable', 'ras', 'bon', 'good']","[""c'est super bien"", 'super très bien', 'super bien']"
7,215,7_tcl_live_bus_que,"['tcl', 'live', 'bus', 'que', 'le', 'rseau', 'en', 'les', 'de', 'pas']","['application en régression . l application tcl live qui permettait de voir en temps réel le trafic n existe plus et est remplacé par le live dans cette application qui ne fonctionne pas du tout. par exemple en ce moment je suis dans un bus, mais il n est pas du tout présent sur le live 🫤. l appl tcl live était bien plus précise pour la localisation des bus en temps réel, a quand la réédition de cette appli?', ""où est passé tcl live ? c'était trop pratique pour être conservé ?"", ""c'est tcl....""]"
8,184,8_pratique_trs_utile_efficace,"['pratique', 'trs', 'utile', 'efficace', 'tres', 'super', 'et', 'appli', 'bonne', 'bien']","['pratique et intéressant', 'très utile et pratique', 'pratique et utile']"
9,172,9_horaires_sont_les_temps,"['horaires', 'sont', 'les', 'temps', 'ne', 'pas', 'correspondent', 'rel', 'lappli', 'en']","[""des horaires qui ne correspondent pas aux horaires affichés en arrêt. autant ne pas faire d'application dans ce cas..."", ""les horaires ne sont pas du tout réel, j'étais déçu par les horaires annoncé à l'app et la réalité"", 'les horaires ne sont pas à jour...']"
10,152,10_pub_pubs_trop_de,"['pub', 'pubs', 'trop', 'de', 'beaucoup', 'insupportable', 'cest', 'mais', 'devient', 'pire']","['trop de pub', 'trop de pub.', 'trop de pub']"
11,130,11_rien_trop_dire_redire,"['rien', 'trop', 'dire', 'redire', 'personne', 'pas', 'bien', 'tout', 'mal', 'beug']","['application très bien rien à dire', 'très bien rien à dire', ""rien à dire tout s'est bien passé""]"
12,130,12_lapplication_rinstaller_depuis_ne,"['lapplication', 'rinstaller', 'depuis', 'ne', 'fonctionne', 'jour', 'mise', 'souvre', 'application', 'douvrir']","[""depuis la dernière mise à jour l'application bug et ne démarre plus"", 'impossible de faire la mise à jour... l application ne fonctionne pas', 'application figée depuis la dernière mise à jour. plus rien ne fonctionne. pathétique.']"
13,129,13_rapide_envoi_soign_envoie,"['rapide', 'envoi', 'soign', 'envoie', 'merci', 'conforme', 'emball', 'trs', 'parfait', 'et']","['envoi rapide et soigné 👍', 'envoi rapide et soigné.', 'envoi rapide et sérieux']"
14,126,14_transaction_parfaite_merci_rapide,"['transaction', 'parfaite', 'merci', 'rapide', 'bonne', 'trs', 'transactions', 'recommande', 'change', 'conforme']","['très bonne transaction', 'transaction idéale. à bientôt.', 'transaction idéale.']"
15,106,15_compte_mon_numro_connecter,"['compte', 'mon', 'numro', 'connecter', 'me', 'mot', 'impossible', 'mail', 'crer', 'passe']","[""je n'arrive pas a me connecter à mon compte. quand je rentre mon adresse mail, c'est pour créé mon compte alors que j' en ai déjà un."", 'j’arrive pas a me connecter a mon compte il me propose que de crée un compte', 'impossible de se connecter à mon compte..']"
16,96,16_emballage_conforme_produit_livraison,"['emballage', 'conforme', 'produit', 'livraison', 'soign', 'parfait', 'rapide', 'merci', 'envoi', 'recommande']","['livraison rapide. objet conforme à la description. emballage soigné. parfait.', 'produit conforme à la description emballage soigné merci', 'envoi rapide, emballage soigné, produit conforme, parfait merci !']"
17,96,17_vendeur_srieux_merci_trs,"['vendeur', 'srieux', 'merci', 'trs', 'bon', 'ractif', 'emball', 'super', 'colis', 'transaction']","['vendeur sérieux.', 'vendeur agréable, sérieux et réactif', 'vendeur sérieux, et très réactif!']"
18,93,18_recommande_je_personne_parfait,"['recommande', 'je', 'personne', 'parfait', 'trs', 'bien', 'merci', 'vivement', 'sympathique', 'fortement']","['très sérieux je recommande', 'je recommande ,très bien', 'très bien, je recommande']"
19,91,19_version_lancienne_nouvelle_tait,"['version', 'lancienne', 'nouvelle', 'tait', 'mieux', 'prcdente', 'mise', 'la', 'moins', 'est']","[""une nouvelle version c'est sensé être une amélioration de la précédente non ? là c'est tout le contraire, cette nouvelle version est beaucoup moins lisible et beaucoup moins pratique. c'est bien dommage !!!"", 'avoir la nouvelle version', 'déçu de la nouvelle version']"
20,90,20_merci_beaucoup_parfait_bien,"['merci', 'beaucoup', 'parfait', 'bien', 'super', 'trs', 'votre', 'emball', 'reu', 'excellent']","['merci beaucoup 😘😘', 'merci beaucoup', 'génial merci.']"
21,86,21_notifications_notification_messages_message,"['notifications', 'notification', 'messages', 'message', 'mai', 'alertes', 'reois', 'les', 'reoit', '1er']","[""je ne reçois plus les notifications de ventes de messages en faites plus aucunes notifications? que ce passe t'il ?"", 'les notifications ne fonctionne plus depuis la mise a jour', 'bien mais trop de notifications']"
22,84,22_consentement_abonnement_donner_payer,"['consentement', 'abonnement', 'donner', 'payer', 'choix', 'impossible', 'dsinstalle', 'daccder', 'bouton', 'fonctionne']","[""impossible de donner mon consentement, donc impossible d'utiliser l'appli..."", 'consentement forcé = désinstallation', ""bonjour lorsque je veux ouvrir l'application une page s'affiche avec le choix entre la version premium et donner son consentement. le choix donner son consentement ne fonctionne pas. ne serait-ce ce pas de la vente forcée ? dommage j'utilisais beaucoup cette application. la méthode de vente forcée étant lamentable, je vais donc la désinstaller.""]"
23,78,23_bug_bugs_trop_beaucoup,"['bug', 'bugs', 'trop', 'beaucoup', 'souvent', 'nul', 'appli', 'lappli', 'sombre', 'de']","['bug fréquent', 'bug, bug, bug..... 😭', 'bug bug bug']"
24,72,24_rapide_efficace_parfait_et,"['rapide', 'efficace', 'parfait', 'et', 'trs', 'bien', 'rapidit', 'emball', 'soigne', 'impeccable']","['réponse très rapide', 'rapide et sérieux', 'expédition rapide et très soignée 👍']"
25,69,25_critiques_commentaires_critique_censure,"['critiques', 'commentaires', 'critique', 'censure', 'avis', 'aux', 'il', 'commentaire', 'de', 'sont']","['impossible de créer plus de 9 critiques', 'je n\'ai jamais compris qu\'on puisse valider une application aussi merdique. il y a des bugs de partout ! les critiques disparaissent ! il y a de la censure à la tête du client. le personnel allociné n\'est vraiment pas neutre. par exemple des mots grossiers, parfois même à la limite discriminatoire sont tolérés, mais le mot ""woke"", suffit à vous censurer votre texte. c\'est aléatoire, il faut être juste, pas seulement quand on ne va pas dans votre sens. le respect doit s\'appliquer même à allocine', ""la dernière mise à jour qui change l'interface de notre espace personnel est nul de chez nul! comment vous pouvez valider ça en interne? ce n'est pas du progrès mais un retour en arrière. de plus les commentaires que je poste sur les news n'apparaissent même pas! mais le pire est la disparition d'une 60ène de critique! merci de ne pas respecté et de craché au visage des gens qui contribuent à votre site. et des critiques dans la charte sont censurés! webedia est une entreprise très dangereuse.""]"
26,63,26_toile_toiles_une_je,"['toile', 'toiles', 'une', 'je', 'cest', 'si', 'que', 'de', 'car', 'on']","[""leboncoin applique désormais 1 étoile attribuée automatiquement, sans prévenir, si la confirmation de la disponibilité de l'objet n'est pas effectué + si le colis n'est pas envoyé dans les temps + si la vente est annulée si le colis n'est pas envoyé, le tout, sans avoir été prévenue de cette nouvelle politique pendant la conception de l'annonce. ce sont des gros facteurs de stress car en plus il faut aller très vite (3 jours maxi) alors que mon travail permet d'être disponibl que 2 jour semain !"", ""je change mon avis après des années. vous venez de perdre 2 étoiles. pourquoi maintenant quand on rate un livraison on choppe 1 étoile obligatoirement. comme vinted ? arrêter de faire tous pareil. imaginez qu'on est un pépin ou je ne sais quoi et hop 1 étoile ? on va où ? supprimer moi cette absurdité. si on envoie pas la commande. commande annuler. comme avant c'était très bien et puis c'est tout"", ""je viens de découvrir que si on annule une transaction pour n'importe quelle raison on nous met automatiquement une note de 1 étoile, c'est nouveau je l'ai déjà fait d'annuler une transaction je risquais pas une étoile. je trouve que c'est dégueulasse de noter une annulation de transaction, qu'on nous mettent une étoile parce que la transaction s'est mal passé ok mais pour annuler n'importe quoi 🤦""]"
27,60,27_article_conforme_envoi_articles,"['article', 'conforme', 'envoi', 'articles', 'rapide', 'soign', 'description', 'merci', 'tat', 'communication']","['envoi rapide article conforme', 'envoi rapide et article conforme', 'envoi rapide, article conforme, merci']"
28,57,28_mise_jour_dernire_depuis,"['mise', 'jour', 'dernire', 'depuis', 'fonctionne', 'plus', 'ne', 'la', 'souvre', 'lappli']","['depuis la mise à jour ne fonctionne plus', 'ne fonctionne plus depuis la dernière mise à jour 😢', 'ne fonctionne plus depuis la dernière mise à jour.']"
29,57,29_plante_plantage_plantages_souvent,"['plante', 'plantage', 'plantages', 'souvent', 'depuis', 'lappli', 'jour', 'mise', 'dmarrage', 'dernire']","['plante souvent', 'plante au démarrage depuis la dernière mise à jour 😟', 'plante sans arrêt']"
30,54,30_vidos_vido_hd_youtube,"['vidos', 'vido', 'hd', 'youtube', 'son', 'lancent', 'videos', 'pub', 'pubs', 'en']","[""payer pour voir une annonce de film en hd... en 2019 ! lamentable. heureusement je vais sur youtube pour voir les bandes annonces en hd c'est gratuit !"", 'non seulement il y a des pib, mais il faut maintenant payer un abonnement pour regarder les vidéos en bonne qualité. je parle pas de hd mais nous avons une qualité abominable digne des années 2000... dommage que je ne peux mettre un screen print pour vous convaincre et vous éviter de télécharger une telle application. bravo allocine. je préfère encore aller sur une chaîne ""amateurs youtube qui font cela tout aussi bien avec plus de passion...', ""depuis plusieurs mois, je ne comprends plus rien au passage des vidéos en format paysage ou portrait. le son s'active une fois sur 2. pas du tout intuitif et devient une vrai galère. même le son de la pub ne reste pas. je clic pour entendre le son, et il repasse aussi tôt en mute. au point de devoir aller sur youtube pour voir la bande annonce. je regrette l'ancienne version qui marchait très bien. dommage pour un site et appli qui faisait référence pour moi.""]"
31,53,31_parfait_tout_pass_sest,"['parfait', 'tout', 'pass', 'sest', 'bien', 'parfaitement', 'droul', 'gentille', 'impeccable', 'est']","['tout parfait.', 'tout était parfait', 'très bien tout est parfait']"
32,50,32_ergonomique_ergonomie_interface_pas,"['ergonomique', 'ergonomie', 'interface', 'pas', 'screenshot', 'mauvaise', 'linterface', 'en', 'intuitive', 'revoir']","['application peu ergonomique', 'application peu ergonomique et buguée', 'pas des plus ergonomique']"
33,48,33_android_samsung_galaxy_sur,"['android', 'samsung', 'galaxy', 'sur', 'fonctionne', 'mon', 'version', 'se', 'smartphone', 's10']","['ne fonctionne plus sur android tv', 'ne fonctionne pas sur android 6.0.1 !', 'impossible de mettre à jour l application sous téléphone samsung android']"
34,47,34_noir_cran_dernire_depuis,"['noir', 'cran', 'dernire', 'depuis', 'ecran', 'fonctionne', 'mise', 'jour', 'lcran', 'plus']","['écran noir depuis la dernière mise à jour', 'ne fonctionne plus depuis la dernière mise à jour: écran noir!!', 'ne fonctionne plus depuis la dernière mise à jour. écran noir']"
35,47,35_tlphone_mon_smartphone_portable,"['tlphone', 'mon', 'smartphone', 'portable', 'compatible', 'neuf', 'sur', 'je', 'donc', 'fonctionne']","['l\'application a été realisé pour les smartphones tactiles, je suis donc obliger d\'acvtiver le clavier tactile sur mon samsung galaxy y pro, car le clavier de mon telephone n\'est pas pris en compte par l\'application. de plus le systeme ""autour de moi"" ne fonctionne qu\'a moitié et l\'appli ne repere pas les arrets les plus proche meme si le gps est activé. heureusement qu\'il y a une partie ""mes favoris"" pour mes bus de tous les jours.', 'ne marche plus sur mon smartphone...', ""je vous relais une aventure vécu sur le boncoin. en date du 18 septembre 2025 j'achète pour un client un nokia g42 5g annoncé comme neuf jamais utilisé. je reçois quelques jours plus tard mon achat correspondant à l'annonce. nombreuses traces d'usure, écran rayé donc pas neuf. je le charge et là portable hs et plus de 10jr après aucun remboursement malgré assurance achat, réclamation-3 jrs , vendeur annulé vente, donc leboncoin site arnaque et qui respecte pas ses cgv une plainte déposé""]"
36,46,36_application_inutilisable_bug_dveloppeurs,"['application', 'inutilisable', 'bug', 'dveloppeurs', 'utiliser', 'confuse', 'est', 'bugs', 'lapplication', 'inutile']","['application devenu inutilisable, trop de pub, trop de bug', ""trop de bug de l'application"", ""application juste horrible , inutilisable , bug sans cesse , pas du tout intuitif, sans parler du reseau en lui meme qui est juste une abomination avec des problemes chaque jour. une entreprise qui fait tres mal son travail alors qu'il y a que 4 lignes de metro !!!!""]"
37,44,37_site_bon_trs_bien,"['site', 'bon', 'trs', 'bien', 'meilleur', 'avis', 'le', 'et', 'moteur', 'facebook']","['très bon site', 'site très bien', 'site génial']"
38,44,38_recommande_vendeur_sympathique_srieux,"['recommande', 'vendeur', 'sympathique', 'srieux', 'trs', 'je', 'vendeuse', 'vivement', 'ractif', 'parfait']","['vendeur très sérieux, je recommande.', 'vendeur sérieux je recommande', 'vendeur sérieux et réactif. je recommande !']"
39,44,39_cookies_payer_accepter_daccepter,"['cookies', 'payer', 'accepter', 'daccepter', 'abonnement', 'consentement', 'cookie', 'personnelles', 'allocine', 'les']","['le clic sur les boutons ""enregistrer"", dans la ""personnalisation"" de cookies, renvoie au début et ne ferme pas la fenêtre. en ne permettant pas la sélection des cookies par la personnalisation et en forçant leur acceptation par défaut depuis la version 100.89.2, vous n\'êtes pas conforme à la réglementation des rgpd. de plus, les cookies sont acceptés automatiquement après relance de l\'application si elle a été fermée la première fois sans acceptation. ça fait beaucoup pour que ce soit du hasard.', ""cookies obligatoire obligé daccepter les conditions ou payer l'abonnement..."", 'obligation des cookies...']"
40,39,40_vendre_acheter_pour_facile,"['vendre', 'acheter', 'pour', 'facile', 'dacheter', 'choses', 'application', 'trs', 'ou', 'leboncoin']","[""facile d'acheter, facile de vendre."", 'je vous conseille cette appli car on peut acheter et vendre.', 'très bonne application, que se soit pour acheter, vendre ou juste pour regarder des annonces.']"
41,38,41_fonctionne_ne_marche_souvre,"['fonctionne', 'ne', 'marche', 'souvre', 'nul', 'plus', 'pas', 'souvrir', 'rien', 'plombs']","['ne fonctionne plus !', 'ne fonctionne plus', 'ne fonctionne plus.']"
42,36,42_parfait_merci_tout_ok,"['parfait', 'merci', 'tout', 'ok', 'est', 'didier', 'charly', 'laura', 'parfaitcordialement', 'parfaitmerci']","['parfait. merci.', 'parfait. merci', 'parfait. merci']"
43,35,43_top_au_back_cin,"['top', 'au', 'back', 'cin', 'super', 'meilleur', 'meilleure', 'ficbab', 'ever', 'gun2']","['top de top', 'top top top 👍', 'au top du top']"
44,32,44_sries_srie_pisodes_pisode,"['sries', 'srie', 'pisodes', 'pisode', 'des', 'suivi', 'liste', 'voir', 'series', 'catalogue']","[""merci de revoir les filtres car les séries suivie sont mélangées avec les séries notées !!! un filtre supplémentaire serait judicieux pour voir si des épisodes reste à voir sur nos séries suivie !!! j'ai perdu des séries de ma liste avec votre suppression par glissé !!! et pour finir vous n'êtes plus à jour sûr plusieurs séries à suivre !!!!"", 'bonjour. rien ne va plus depuis les dernieres mises à jour. gros probleme au niveau de notre catalogue de series qui a disparu! on voit maintenant que 20 series dans ce catalogue. alors que jen ai trois fois plus. notre catalogue a disparu (limiter à 20 series donc alors que j en ai 65 normalement). on vous fais confiance pour corriger ce probleme, merci.', ""allociné c'est cool ! en revanche l'équipe ui/ux vous foutez quoi ? on ne peut entre autre ni changer de pdp ni rechercher des critiques amateurs (super rs du coup) et la gestion des séries/films à voir/vu etc... est aux fraises ! exemple j'ai noté 4 fois the northman avant que l'appli (et le site) me le considère ne serait-ce que comme vu et archive81 est toujours dans ma rubrique des séries suivient (alors que j'ai bien décoché 18 fois la bonne case à l'annonce de son annulation) ! oh les gars""]"
45,31,45_nickel_transaction_merci_rapide,"['nickel', 'transaction', 'merci', 'rapide', 'emballage', 'produit', 'estampille', 'commercialcest', 'approuves', 'artisanale']","['nickel bien emballé', ""c'est nickel 👌"", 'nickel....']"
46,30,46_compte_bloqu_mon_raison,"['compte', 'bloqu', 'mon', 'raison', 'bloque', 'mail', 'me', 'je', 'jai', 'sans']","[""c'est devenu insupportable cette application à chaque annonce ils bloque mon compte je fait redebloquer par le service client. j'ai aucune idée de pourquoi mon compte est bloqué à chaque annonce que je poste sûrement leurs ia qui bloque automatiquement les comptes suspect. sa serait bien de le mettre à jour !!!"", ""si je pouvais mettre 0 étoiles je le verrai mon compte et ouvert depuis longtemps et là on me bloque mon compte sans savoir pourquoi j'ai reçu une réponse comme quoi mon compte restera bloqué car après sois disant vérification il y aurait de la contrefaçon dessus il y a que des vêtements d'enfants des jouets qui appartenait a mes enfants donc acheter en magasin et des vêtements acheté en ligne comme shien ou vertbaudet et on me dit que c'est de la contrefaçon je trouve sa honteux"", ""compte piraté sans même accéder à ma messagerie liée à mon compte leboncoin. personne avec qui parler, uniquement par mail. réouverture du compte mais rien ne fonctionne correctement et toujours personne en face. une annonce sur deux est un scam, une arnaque un piratage de votre compte pour vendre avec votre compte du moins dès que l'on sort du petit bibelot à 15/20 euros. leboncoin n'y est pour rien mais ils semblent largement dépassé par l'ampleur des brouteurs et scammeurs bien triste""]"
47,30,47_pubs_imdb_pub_site,"['pubs', 'imdb', 'pub', 'site', 'svp', 'qui', 'sur', 'web', 'mais', 'les']","[""a fuir, on ne peut pas noter les films, l'appli bug constamment, et s'ouvre toute seule quand vous faites une recherche sur google! de plus il y a de plus en plus de pubs et ça devient insupportable. heureusement qu'il y a imdb"", ""devient insupportable... après plus de 10 ans a consulter allociné, je baisse les bras. l'application est pourrie par les pubs (c'est normal que le site/appli est besoin de revenus pour vivre mais a ce niveau ça en devient indigeste. ajoutez à ça le nombre de bugs insupportables qui vous poussent à relancer les pages et les filmographies incomplètes et votre expérience en devient des plus désagréable. allez hop je vais combiner imdb et wikipédia et ça fera le taf. désinstallation, bye !"", ""- bourré de pubs et qui durent très longtemps - je sais pas si c'est mon cas mais en pleine recherche on a une page aliexpress qui se charge comme si on avait cliqué dessus alors que j'avais juste laissé mon doigt pour descendre la page, sans l'enlever... c'est très vicieux de votre part pour augmenter le nombre de clics sur les pubs - les fausses croix sur les pubs en haut à droite on croit que c'est pour quitter la page mais c'est juste un leurre pour entrer dans la pub - et beaucoup de bug!""]"
48,29,48_lente_lent_trs_peu,"['lente', 'lent', 'trs', 'peu', 'lenteur', 'trop', 'appli', 'mais', 'pub', 'plus']","['application très lente.', 'un peu lente mais intéressante', 'trop lente à télécharger']"
49,28,49_communication_bonne_ractif_recommande,"['communication', 'bonne', 'ractif', 'recommande', 'trs', 'excellente', 'ractivit', 'parfait', 'lenvoi', 'emball']","['très bonne communication', 'très bonne communication.', 'bonne communication, sérieux']"
50,26,50_rservation_places_tickets_rserver,"['rservation', 'places', 'tickets', 'rserver', 'billets', 'slectionne', 'impossible', 'on', 'acheter', 'siges']","[""j'utilise depuis quelques années de temps en temps, les bugs n'ont jamais été corrigés, pour consulter les films tout va bien, mais dès que vous entamez une réservation vous entrez en enfer : affichage non optimisé pour les téléphones (il manque le bas de la page..), ergonomie déplorable (on ne comprend pas à quel moment nos tickets sont validés, il faut faire plusieurs manipulations pour enregistrer complètement les cartes ciné sans avoir aucune indication de l'état de réservation...), etc..."", ""s'il est facile de trouver le film et les séances, la réservation devient vite un cauchemar si vous appuyez au mauvais endroit, lorsque vous revenez à l'écran de réservation vos places restent réservées mais pas pour vous, j'ai bloqué 25 places comme cela, en gros vous pouvez réserver toute la salle sans payer..."", 'il est impossible de réserver ses places depuis plusieurs semaines... tourne en boucle après avoir cliqué sur ""acheter mes billets""...']"
51,26,51_vendeur_emballage_produit_conforme,"['vendeur', 'emballage', 'produit', 'conforme', 'recommande', 'matriel', 'description', 'ractif', 'emball', 'bon']","['super vendeur, produit impeccable et emballage parfait', 'produit conforme à la description, très bien emballé, vendeur sérieux. parfait pour moi', ""produit conforme à l'annonce. produit très bien emballé et protégé. je recommande ce vendeur.""]"
52,25,52_date_lannonce_annonces_dates,"['date', 'lannonce', 'annonces', 'dates', 'parution', 'bas', 'publication', 'la', 'mise', 'lheure']","[""ce fut une bonne appli, malheureusement depuis quelques mise à jour elle est de moins en moins pratique à utiliser. dans la dernière mise à jour ils ont complètement supprimer la date de publication des annonces, avant on avait la date dans la liste des annonces, ensuite pour la date il fallait rentrer dans l'annonce et maintenant plus rien à part un popup qui nous propose des annonces similaires, les développeurs devraient utiliser l'appli pour se mettent à la place des utilisateurs."", 'depuis dernière mise à jour, la date et l\'heure des annonces ne sont plus affichées sur l\'entête. idem sur le site web : les dates et heures de publication ne sont plus affichées sur le résumé des annonces. pour moi c\'est pas une amélioration, bien au contraire... réponse du développeur : bonjour, la date de publication apparaît désormais en bas de l\'annonce concernée, dans l\'encart ""a propos de l\'annonce"". bonne recherche et à bientôt, l\'équipe leboncoin donc c\'est moins bien qu\'avant...', 'beaucoup mieux maintenant l\'on voit la date quand l\'on va sur l\'annonce, merci pour le changement. mais le top serait de remettre la date en première page des recherches. je monte la note 😉 ancien message ""franchement, pourquoi avoir retiré la date de parution au niveau du titre ? la galère pour vérifier la date de l\'annonce en bas, et la on s\'aperçoit qu\'elle a 5 ans. une perte de temps....""']"
53,24,53_pub_lapplication_fermer_ouvre,"['pub', 'lapplication', 'fermer', 'ouvre', 'page', 'navigation', 'la', 'depuis', 'que', 'le']","[""depuis les dernières mises à jour le nombre de pub à explosé. la navigation est sans arrêts interompu par des pubs que l'on ne peut pas fermer, au point que l'application en devient inutilisable. l'application donne plus l'impression d'être un jeu freemium. en l'état, je ne pourrais pas la recommander a qui que ce soit."", ""possible d'arrêter de mettre la page de pub pour le bon coin a chaque fois que l'on ouvre l'application ?"", ""a la base l'application était très sympa, agréable à naviguer mais depuis peu, il est devenu insupportable de l'utiliser. de la pub interminable, à l' ouverture et lors de la navigation. si on veut acheter du neuf (via la pub) , on ne va pas sur leboncoin....la pub est contreproductive sur ce site...""]"
54,21,54_horaires_application_bons_horaire,"['horaires', 'application', 'bons', 'horaire', 'tt', 'jamais', 'lapplication', 'embtant', 'dcevante', 'les']","[""appli nul de chez nul horaire pas fiable du tout par conséquent l'application n'a plus d'intérêt . quel coût pour un tel échec ? as t'elle été tester avant d etre mise en service cela m interpelle....incohérence entre les horaires données par l'application et les horaires affichées qui s'est vérifié 3 fois aujourd'hui ..merci par avance de faire le nécessaire"", 'inutile, les horaires sur cette application ne sont jamais les bons à quoi bon avoir une application pas fiable', ""une application assez décevante car les horaires affichés ne sont jamais bon et surtout ils sont totalement different de ceux affichés à l'arrêt. c'est dommage car avant la dernière maj l'application était plus tôt utile (malgré quelques beugs). il faudrait y remédier au plus tôt car venir 10 min trop tôt ou trop tard c'est gentil 2 fois mais au bout d'un moment c'est embêtant (surtout que l'application devrait nous éviter de sortir pour voir les horaires).""]"
55,19,55_recommande_vendeur_rapide_envoi,"['recommande', 'vendeur', 'rapide', 'envoi', 'soign', 'communication', 'conforme', 'trs', 'je', 'srieux']","['communication facile avec ce vendeur et envoi rapide. je recommande.', 'envoi rapide colis soigné je recommande ce vendeur', 'envoi rapide, très bien emballé. vendeur sérieux, je recommande 👍']"
